[
  {
    "platform" : "ANDROID_ARM",
    "searchTime" : "2020-10-27T13:49:53.531Z[UTC]",
    "searchQuery" : "skinn",
    "searchInteractionURIs" : [
      "spotify:track:6k8kLJFmWkHaTbSLUhJ3H0"
    ]
  },
  {
    "platform" : "ANDROID_ARM",
    "searchTime" : "2020-10-27T13:52:26.284Z[UTC]",
    "searchQuery" : "skinn",
    "searchInteractionURIs" : [
      "spotify:track:6k8kLJFmWkHaTbSLUhJ3H0"
    ]
  },
  {
    "platform" : "ANDROID_ARM",
    "searchTime" : "2020-10-29T14:20:01.590Z[UTC]",
    "searchQuery" : "another day of sun",
    "searchInteractionURIs" : [
      "spotify:track:5kRBzRZmZTXVg8okC7SJFZ",
      "spotify:track:5kRBzRZmZTXVg8okC7SJFZ",
      "spotify:track:5kRBzRZmZTXVg8okC7SJFZ"
    ]
  },
  {
    "platform" : "ANDROID_ARM",
    "searchTime" : "2020-10-29T14:45:01.386Z[UTC]",
    "searchQuery" : "ken",
    "searchInteractionURIs" : [
      "spotify:artist:2YZyLoL8N0Wb9xBt1NhZWg",
      ""
    ]
  },
  {
    "platform" : "ANDROID_ARM",
    "searchTime" : "2020-10-29T14:50:59.879Z[UTC]",
    "searchQuery" : "busta",
    "searchInteractionURIs" : [
      "spotify:artist:1YfEcTuGvBQ8xSD1f53UnK"
    ]
  },
  {
    "platform" : "ANDROID_ARM",
    "searchTime" : "2020-10-29T20:02:52.049Z[UTC]",
    "searchQuery" : "i think im falling",
    "searchInteractionURIs" : [
      "spotify:track:3NGpqL9pwQjWzb358tJMHM"
    ]
  },
  {
    "platform" : "ANDROID_ARM",
    "searchTime" : "2020-10-29T20:28:19.843Z[UTC]",
    "searchQuery" : "wonder still",
    "searchInteractionURIs" : [
      "spotify:track:3S9sOinGDsAlbcgV0MpZ50"
    ]
  },
  {
    "platform" : "ANDROID_ARM",
    "searchTime" : "2020-10-30T21:56:41.573Z[UTC]",
    "searchQuery" : "vitta",
    "searchInteractionURIs" : [
    ]
  },
  {
    "platform" : "DESKTOP",
    "searchTime" : "2020-10-30T21:58:45.987Z[UTC]",
    "searchQuery" : "vitta, ian, cassales",
    "searchInteractionURIs" : [
      "spotify:track:0GgZp5p1DDk3EGRZrG2CxQ"
    ]
  },
  {
    "platform" : "DESKTOP",
    "searchTime" : "2020-10-30T22:05:07.254Z[UTC]",
    "searchQuery" : "canta das ",
    "searchInteractionURIs" : [
      "spotify:track:06Q1W3dLvNk5Gawy7piDu3"
    ]
  },
  {
    "platform" : "DESKTOP",
    "searchTime" : "2020-10-30T22:08:40.535Z[UTC]",
    "searchQuery" : "encanto ser",
    "searchInteractionURIs" : [
      "spotify:album:2KbUHGAykzdv0WSl8WrRnA"
    ]
  },
  {
    "platform" : "DESKTOP",
    "searchTime" : "2020-10-30T22:09:40.734Z[UTC]",
    "searchQuery" : "mas que nada",
    "searchInteractionURIs" : [
      "spotify:track:6U03Orwr5Dxt8jahLnQpYV"
    ]
  },
  {
    "platform" : "ANDROID_ARM",
    "searchTime" : "2020-11-03T18:43:21.706Z[UTC]",
    "searchQuery" : "hot ",
    "searchInteractionURIs" : [
    ]
  },
  {
    "platform" : "ANDROID_ARM",
    "searchTime" : "2020-11-03T23:47:58.822Z[UTC]",
    "searchQuery" : "kin",
    "searchInteractionURIs" : [
      "spotify:artist:6XYvaoDGE0VmRt83Jss9Sn"
    ]
  },
  {
    "platform" : "ANDROID_ARM",
    "searchTime" : "2020-11-05T08:03:17.063Z[UTC]",
    "searchQuery" : "when i wa",
    "searchInteractionURIs" : [
      "spotify:track:69L4d5HlE0YOCwWFYVFGoW",
      "spotify:playlist:54d7Fo9LfiBHM6T6ic8nvd"
    ]
  },
  {
    "platform" : "ANDROID_ARM",
    "searchTime" : "2020-11-06T21:27:35.612Z[UTC]",
    "searchQuery" : "beaches of ",
    "searchInteractionURIs" : [
      "spotify:track:1Jd41ZjPzkZmW1tG7XkcGH",
      "spotify:search:tracks:beaches%20of%20"
    ]
  },
  {
    "platform" : "ANDROID_ARM",
    "searchTime" : "2020-11-06T21:27:47.048Z[UTC]",
    "searchQuery" : "beaches of ",
    "searchInteractionURIs" : [
      "spotify:track:0Edn6nfPgcIBxmzOtOIdlZ",
      "spotify:track:32gbjpIZPwCksHwBZ8cN5i"
    ]
  },
  {
    "platform" : "ANDROID_ARM",
    "searchTime" : "2020-11-06T21:43:56.557Z[UTC]",
    "searchQuery" : "randy trav",
    "searchInteractionURIs" : [
      "spotify:artist:1pTuR132U5b4Rizal2Pr7m"
    ]
  },
  {
    "platform" : "ANDROID_ARM",
    "searchTime" : "2020-11-06T21:44:06.742Z[UTC]",
    "searchQuery" : "randy trav co",
    "searchInteractionURIs" : [
      "spotify:track:1A8rtruTObrmxt2NkOvU7z"
    ]
  },
  {
    "platform" : "ANDROID_ARM",
    "searchTime" : "2020-11-06T21:47:09.752Z[UTC]",
    "searchQuery" : "pl",
    "searchInteractionURIs" : [
      ""
    ]
  },
  {
    "platform" : "ANDROID_ARM",
    "searchTime" : "2020-11-06T21:47:10.889Z[UTC]",
    "searchQuery" : "kl",
    "searchInteractionURIs" : [
      ""
    ]
  },
  {
    "platform" : "ANDROID_ARM",
    "searchTime" : "2020-11-06T21:48:23.215Z[UTC]",
    "searchQuery" : "old chisolm",
    "searchInteractionURIs" : [
      "spotify:track:300YaY1SISbRAFMgmwhgbu",
      ""
    ]
  },
  {
    "platform" : "ANDROID_ARM",
    "searchTime" : "2020-11-06T21:50:48.921Z[UTC]",
    "searchQuery" : "dirt road antbn",
    "searchInteractionURIs" : [
      "spotify:track:7awFBRzXpFoy8YIm9zOb5s",
      ""
    ]
  },
  {
    "platform" : "ANDROID_ARM",
    "searchTime" : "2020-11-06T21:51:52.519Z[UTC]",
    "searchQuery" : "micky new",
    "searchInteractionURIs" : [
      "spotify:artist:5x5aoKBB8MuJRoV7fjTFAx"
    ]
  },
  {
    "platform" : "ANDROID_ARM",
    "searchTime" : "2020-11-06T22:07:07.044Z[UTC]",
    "searchQuery" : "danc",
    "searchInteractionURIs" : [
      "spotify:track:3Fzlg5r1IjhLk2qRw667od",
      ""
    ]
  },
  {
    "platform" : "ANDROID_ARM",
    "searchTime" : "2020-11-06T22:45:13.566Z[UTC]",
    "searchQuery" : "buttertones",
    "searchInteractionURIs" : [
      "spotify:artist:1CMml5seBEaxQzlmaGxMPx"
    ]
  },
  {
    "platform" : "ANDROID_ARM",
    "searchTime" : "2020-11-06T22:49:37.445Z[UTC]",
    "searchQuery" : "voices 20",
    "searchInteractionURIs" : [
      "spotify:track:0bxoiLuzBhL2B3ODrAU6cp"
    ]
  },
  {
    "platform" : "ANDROID_ARM",
    "searchTime" : "2020-11-06T22:51:49.114Z[UTC]",
    "searchQuery" : "aline",
    "searchInteractionURIs" : [
      "spotify:artist:07FdDpjaazFWWzqcFUPegG"
    ]
  },
  {
    "platform" : "ANDROID_ARM",
    "searchTime" : "2020-11-06T22:52:20.046Z[UTC]",
    "searchQuery" : "zaz",
    "searchInteractionURIs" : [
      "spotify:artist:1mbgj8ERPs8lWi7t5cYrdy"
    ]
  },
  {
    "platform" : "ANDROID_ARM",
    "searchTime" : "2020-11-06T23:17:49.361Z[UTC]",
    "searchQuery" : "eh",
    "searchInteractionURIs" : [
      ""
    ]
  },
  {
    "platform" : "ANDROID_ARM",
    "searchTime" : "2020-11-06T23:18:30.123Z[UTC]",
    "searchQuery" : "what did you say? answer the question",
    "searchInteractionURIs" : [
      ""
    ]
  },
  {
    "platform" : "ANDROID_ARM",
    "searchTime" : "2020-11-06T23:18:51.716Z[UTC]",
    "searchQuery" : "will brought that up just out of nowhere",
    "searchInteractionURIs" : [
      ""
    ]
  },
  {
    "platform" : "ANDROID_ARM",
    "searchTime" : "2020-11-06T23:19:18.300Z[UTC]",
    "searchQuery" : "what did ",
    "searchInteractionURIs" : [
      ""
    ]
  },
  {
    "platform" : "ANDROID_ARM",
    "searchTime" : "2020-11-06T23:19:36.391Z[UTC]",
    "searchQuery" : "abiut my ",
    "searchInteractionURIs" : [
      ""
    ]
  },
  {
    "platform" : "ANDROID_ARM",
    "searchTime" : "2020-11-06T23:19:40.530Z[UTC]",
    "searchQuery" : "ah i see ",
    "searchInteractionURIs" : [
      ""
    ]
  },
  {
    "platform" : "ANDROID_ARM",
    "searchTime" : "2020-11-07T22:07:42.926Z[UTC]",
    "searchQuery" : "the star spang",
    "searchInteractionURIs" : [
      "spotify:track:6LLDPdarOEe4YZihDRXzRe"
    ]
  },
  {
    "platform" : "ANDROID_ARM",
    "searchTime" : "2020-11-10T22:17:09.505Z[UTC]",
    "searchQuery" : "be",
    "searchInteractionURIs" : [
      ""
    ]
  },
  {
    "platform" : "ANDROID_ARM",
    "searchTime" : "2020-11-10T22:17:10.530Z[UTC]",
    "searchQuery" : "ne",
    "searchInteractionURIs" : [
      ""
    ]
  },
  {
    "platform" : "ANDROID_ARM",
    "searchTime" : "2020-11-10T22:17:13.147Z[UTC]",
    "searchQuery" : "belle",
    "searchInteractionURIs" : [
      "spotify:artist:4I2BJf80C0skQpp1sQmA0h"
    ]
  },
  {
    "platform" : "ANDROID_ARM",
    "searchTime" : "2020-11-12T22:05:34.263Z[UTC]",
    "searchQuery" : "roll me ",
    "searchInteractionURIs" : [
      "spotify:track:0XR5gm7hvvlE8iEst9sX2F",
      ""
    ]
  },
  {
    "platform" : "ANDROID_ARM",
    "searchTime" : "2020-11-12T22:05:44.123Z[UTC]",
    "searchQuery" : "cigarette day",
    "searchInteractionURIs" : [
      "spotify:track:6EThJr4Dq1Y93JspecGU2F",
      ""
    ]
  },
  {
    "platform" : "ANDROID_ARM",
    "searchTime" : "2020-11-12T22:05:51.451Z[UTC]",
    "searchQuery" : "cage the ",
    "searchInteractionURIs" : [
      "spotify:artist:26T3LtbuGT1Fu9m0eRq5X3"
    ]
  },
  {
    "platform" : "ANDROID_ARM",
    "searchTime" : "2020-11-13T15:10:09.550Z[UTC]",
    "searchQuery" : "flora pic",
    "searchInteractionURIs" : [
    ]
  },
  {
    "platform" : "ANDROID_ARM",
    "searchTime" : "2020-11-13T15:10:14.283Z[UTC]",
    "searchQuery" : "sweet trip",
    "searchInteractionURIs" : [
      "spotify:artist:5NtMqQLCzdVvL7F8vFp3zM"
    ]
  },
  {
    "platform" : "ANDROID_ARM",
    "searchTime" : "2020-11-14T02:14:01.376Z[UTC]",
    "searchQuery" : "mic",
    "searchInteractionURIs" : [
      ""
    ]
  },
  {
    "platform" : "ANDROID_ARM",
    "searchTime" : "2020-11-14T09:53:44.125Z[UTC]",
    "searchQuery" : "figure ",
    "searchInteractionURIs" : [
      "spotify:album:7DC0pE943VR5tAKIvQXHts"
    ]
  },
  {
    "platform" : "ANDROID_ARM",
    "searchTime" : "2020-11-14T09:55:04.136Z[UTC]",
    "searchQuery" : "2003",
    "searchInteractionURIs" : [
    ]
  },
  {
    "platform" : "ANDROID_ARM",
    "searchTime" : "2020-11-14T09:55:05.017Z[UTC]",
    "searchQuery" : "20",
    "searchInteractionURIs" : [
      ""
    ]
  },
  {
    "platform" : "ANDROID_ARM",
    "searchTime" : "2020-11-14T09:55:08.053Z[UTC]",
    "searchQuery" : "metric",
    "searchInteractionURIs" : [
      "spotify:artist:1rCIEwPp5OnXW0ornlSsRl"
    ]
  },
  {
    "platform" : "ANDROID_ARM",
    "searchTime" : "2020-11-15T10:38:21.393Z[UTC]",
    "searchQuery" : "q",
    "searchInteractionURIs" : [
      ""
    ]
  },
  {
    "platform" : "ANDROID_ARM",
    "searchTime" : "2020-11-15T10:38:23.075Z[UTC]",
    "searchQuery" : "ac",
    "searchInteractionURIs" : [
      "spotify:playlist:2ReJjRyoO9OuKsMsmvhkg1",
      "spotify:artist:711MCceyCBcFnzjGY4Q7Un"
    ]
  },
  {
    "platform" : "ANDROID_ARM",
    "searchTime" : "2020-11-15T17:10:13.367Z[UTC]",
    "searchQuery" : "feng",
    "searchInteractionURIs" : [
      "spotify:artist:73dudJ9j0HStIhJDU8MjMI",
      "spotify:artist:73dudJ9j0HStIhJDU8MjMI"
    ]
  },
  {
    "platform" : "DESKTOP",
    "searchTime" : "2020-11-15T22:15:39.746Z[UTC]",
    "searchQuery" : "ALEX G",
    "searchInteractionURIs" : [
      "spotify:artist:6lcwlkAjBPSKnFBZjjZFJs"
    ]
  },
  {
    "platform" : "DESKTOP",
    "searchTime" : "2020-11-15T23:22:47.457Z[UTC]",
    "searchQuery" : "king crimson",
    "searchInteractionURIs" : [
      "spotify:artist:7M1FPw29m5FbicYzS2xdpi"
    ]
  },
  {
    "platform" : "DESKTOP",
    "searchTime" : "2020-11-15T23:24:11.541Z[UTC]",
    "searchQuery" : "maggot brain",
    "searchInteractionURIs" : [
    ]
  },
  {
    "platform" : "ANDROID_ARM",
    "searchTime" : "2020-11-16T18:14:43.182Z[UTC]",
    "searchQuery" : "pollen",
    "searchInteractionURIs" : [
      "spotify:playlist:37i9dQZF1DWWBHeXOYZf74"
    ]
  },
  {
    "platform" : "DESKTOP",
    "searchTime" : "2020-11-17T14:25:23.306Z[UTC]",
    "searchQuery" : "cuco lover is a day",
    "searchInteractionURIs" : [
      "spotify:track:76tGvMdmFKuiMew33ZNNA9"
    ]
  },
  {
    "platform" : "DESKTOP",
    "searchTime" : "2020-11-17T14:32:17.480Z[UTC]",
    "searchQuery" : "my jinji",
    "searchInteractionURIs" : [
      "spotify:track:7wmFsS43fO8vAg0vcr776N"
    ]
  },
  {
    "platform" : "DESKTOP",
    "searchTime" : "2020-11-17T14:36:42.945Z[UTC]",
    "searchQuery" : "cherry cola ",
    "searchInteractionURIs" : [
      "spotify:track:44uCMdE6RWnkOFYTtbmUUc"
    ]
  },
  {
    "platform" : "DESKTOP",
    "searchTime" : "2020-11-17T14:43:01.190Z[UTC]",
    "searchQuery" : "cool with you",
    "searchInteractionURIs" : [
      "spotify:track:5wv2XK6ms7KBBVDD1cOwlx"
    ]
  },
  {
    "platform" : "DESKTOP",
    "searchTime" : "2020-11-17T14:49:43.386Z[UTC]",
    "searchQuery" : "in my head",
    "searchInteractionURIs" : [
      "spotify:track:2nr9WZdKntw9a5muEC3gOk"
    ]
  },
  {
    "platform" : "DESKTOP",
    "searchTime" : "2020-11-17T14:58:18.921Z[UTC]",
    "searchQuery" : "lover is a day",
    "searchInteractionURIs" : [
      "spotify:track:76tGvMdmFKuiMew33ZNNA9"
    ]
  },
  {
    "platform" : "DESKTOP",
    "searchTime" : "2020-11-18T11:43:29.988Z[UTC]",
    "searchQuery" : "bummerbop",
    "searchInteractionURIs" : [
      "spotify:album:5cJyvfgP3IIpUK4p83XxRt"
    ]
  },
  {
    "platform" : "ANDROID_ARM",
    "searchTime" : "2020-11-18T23:11:06.289Z[UTC]",
    "searchQuery" : "lucky love",
    "searchInteractionURIs" : [
      "spotify:track:0Fbyu0CzsClu9N00gGwAmi",
      ""
    ]
  },
  {
    "platform" : "ANDROID_ARM",
    "searchTime" : "2020-11-18T23:28:19.910Z[UTC]",
    "searchQuery" : "vanilla vil",
    "searchInteractionURIs" : [
      "spotify:album:63f7oiyBTexDSGuPTd6Egq"
    ]
  },
  {
    "platform" : "ANDROID_ARM",
    "searchTime" : "2020-11-19T16:43:26.601Z[UTC]",
    "searchQuery" : "aeso0",
    "searchInteractionURIs" : [
      "spotify:artist:2fSaE6BXtQy0x7R7v9IOmZ"
    ]
  },
  {
    "platform" : "ANDROID_ARM",
    "searchTime" : "2020-11-19T16:43:47.535Z[UTC]",
    "searchQuery" : "aesop gau",
    "searchInteractionURIs" : [
      "spotify:track:4CgmMBU3xwNKOKhu5uNS77"
    ]
  },
  {
    "platform" : "ANDROID_ARM",
    "searchTime" : "2020-11-19T16:44:32.029Z[UTC]",
    "searchQuery" : "aesop gau.",
    "searchInteractionURIs" : [
    ]
  },
  {
    "platform" : "ANDROID_ARM",
    "searchTime" : "2020-11-21T16:43:40.302Z[UTC]",
    "searchQuery" : "cig",
    "searchInteractionURIs" : [
      "spotify:track:6EThJr4Dq1Y93JspecGU2F"
    ]
  },
  {
    "platform" : "ANDROID_ARM",
    "searchTime" : "2020-11-21T16:57:32.106Z[UTC]",
    "searchQuery" : "flora pick",
    "searchInteractionURIs" : [
      "spotify:user:poppypick"
    ]
  },
  {
    "platform" : "ANDROID_ARM",
    "searchTime" : "2020-11-22T09:10:21.795Z[UTC]",
    "searchQuery" : "walk on by",
    "searchInteractionURIs" : [
      "spotify:track:3xsOtNxtBW0oTI1OWKAzTm",
      ""
    ]
  },
  {
    "platform" : "ANDROID_ARM",
    "searchTime" : "2020-11-22T09:16:24.292Z[UTC]",
    "searchQuery" : "big th",
    "searchInteractionURIs" : [
      "spotify:artist:5QdyldG4Fl4TPiOIeMNpBZ",
      ""
    ]
  },
  {
    "platform" : "ANDROID_ARM",
    "searchTime" : "2020-11-22T09:16:34.607Z[UTC]",
    "searchQuery" : "adri",
    "searchInteractionURIs" : [
      "spotify:artist:4aKWmkWAKviFlyvHYPTNQY",
      ""
    ]
  },
  {
    "platform" : "ANDROID_ARM",
    "searchTime" : "2020-11-22T09:17:03.720Z[UTC]",
    "searchQuery" : "mount erie",
    "searchInteractionURIs" : [
      "spotify:artist:4Sw0SFu1fFdYXdAEVdrqnO",
      "spotify:artist:4Sw0SFu1fFdYXdAEVdrqnO",
      ""
    ]
  },
  {
    "platform" : "ANDROID_ARM",
    "searchTime" : "2020-11-22T09:17:21.884Z[UTC]",
    "searchQuery" : "the micro",
    "searchInteractionURIs" : [
      "spotify:artist:7Ht57YadlBXcFJDK3plmhO"
    ]
  },
  {
    "platform" : "ANDROID_ARM",
    "searchTime" : "2020-11-22T09:36:09.399Z[UTC]",
    "searchQuery" : "men",
    "searchInteractionURIs" : [
      "spotify:artist:3zmfs9cQwzJl575W1ZYXeT"
    ]
  },
  {
    "platform" : "ANDROID_ARM",
    "searchTime" : "2020-11-22T12:29:13.471Z[UTC]",
    "searchQuery" : "real esy",
    "searchInteractionURIs" : [
      "spotify:artist:41SQP16hv1TioVYqdckmxT"
    ]
  },
  {
    "platform" : "ANDROID_ARM",
    "searchTime" : "2020-11-23T09:50:05.629Z[UTC]",
    "searchQuery" : "half moon bag",
    "searchInteractionURIs" : [
      "spotify:track:0Y0yykDeSGqg0whcAh5wHR",
      "spotify:track:0WLw2xoTkQNlbMQxTG7Tyv"
    ]
  },
  {
    "platform" : "ANDROID_ARM",
    "searchTime" : "2020-11-23T20:27:17.841Z[UTC]",
    "searchQuery" : "my b",
    "searchInteractionURIs" : [
      "spotify:album:20r762YmB5HeofjMCiPMLv"
    ]
  },
  {
    "platform" : "ANDROID_ARM",
    "searchTime" : "2020-11-24T08:22:49.475Z[UTC]",
    "searchQuery" : "moby",
    "searchInteractionURIs" : [
      "spotify:artist:3OsRAKCvk37zwYcnzRf5XF"
    ]
  },
  {
    "platform" : "ANDROID_ARM",
    "searchTime" : "2020-11-24T08:23:20.600Z[UTC]",
    "searchQuery" : "flower mob",
    "searchInteractionURIs" : [
      "spotify:playlist:7qG8CJYsM9sBZg191wziHf"
    ]
  },
  {
    "platform" : "ANDROID_ARM",
    "searchTime" : "2020-11-25T14:05:08.223Z[UTC]",
    "searchQuery" : "frank",
    "searchInteractionURIs" : [
      "spotify:artist:6ra4GIOgCZQZMOaUECftGN"
    ]
  },
  {
    "platform" : "ANDROID_ARM",
    "searchTime" : "2020-11-25T14:20:33.430Z[UTC]",
    "searchQuery" : "pet shi",
    "searchInteractionURIs" : [
      "spotify:artist:6tGYdMOcoaWbJiSp6caJVd"
    ]
  },
  {
    "platform" : "ANDROID_ARM",
    "searchTime" : "2020-11-25T14:45:46.814Z[UTC]",
    "searchQuery" : "phish",
    "searchInteractionURIs" : [
      "spotify:artist:5wbIWUzTPuTxTyG6ouQKqz"
    ]
  },
  {
    "platform" : "ANDROID_ARM",
    "searchTime" : "2020-11-26T22:02:55.146Z[UTC]",
    "searchQuery" : "love is an ",
    "searchInteractionURIs" : [
      "spotify:track:3IPnBzGRMg6BfViFxxa0Gq",
      "spotify:track:3IPnBzGRMg6BfViFxxa0Gq"
    ]
  },
  {
    "platform" : "DESKTOP",
    "searchTime" : "2020-11-26T22:19:49.875Z[UTC]",
    "searchQuery" : "so good ",
    "searchInteractionURIs" : [
      "spotify:track:5VarZFY00sO54HErJ3TPCI"
    ]
  },
  {
    "platform" : "DESKTOP",
    "searchTime" : "2020-11-26T22:21:31.759Z[UTC]",
    "searchQuery" : "hunn",
    "searchInteractionURIs" : [
      "spotify:track:3DPFmwFtV5ElQaTniLOdgk",
      "spotify:artist:1LeVJ5GPeYDOVUjxx1y7Rp"
    ]
  },
  {
    "platform" : "ANDROID_ARM",
    "searchTime" : "2020-11-27T15:16:34.861Z[UTC]",
    "searchQuery" : "2014",
    "searchInteractionURIs" : [
      "spotify:album:7viNUmZZ8ztn2UB4XB3jIL"
    ]
  },
  {
    "platform" : "DESKTOP",
    "searchTime" : "2020-11-27T23:09:13.598Z[UTC]",
    "searchQuery" : "townes",
    "searchInteractionURIs" : [
      "",
      "spotify:artist:3ZWab2LEVkNKiBPIClTwof",
      "spotify:artist:3ZWab2LEVkNKiBPIClTwof"
    ]
  },
  {
    "platform" : "ANDROID_ARM",
    "searchTime" : "2020-11-28T00:38:14.617Z[UTC]",
    "searchQuery" : "ghost undertale",
    "searchInteractionURIs" : [
      "spotify:track:36AhCvv8NAVPr0eNsv2PrW",
      "spotify:track:36AhCvv8NAVPr0eNsv2PrW"
    ]
  },
  {
    "platform" : "ANDROID_ARM",
    "searchTime" : "2020-11-28T21:03:34.841Z[UTC]",
    "searchQuery" : "q",
    "searchInteractionURIs" : [
      ""
    ]
  },
  {
    "platform" : "ANDROID_ARM",
    "searchTime" : "2020-11-28T21:03:37.688Z[UTC]",
    "searchQuery" : "al",
    "searchInteractionURIs" : [
      ""
    ]
  },
  {
    "platform" : "ANDROID_ARM",
    "searchTime" : "2020-11-28T21:03:40.722Z[UTC]",
    "searchQuery" : "its beg",
    "searchInteractionURIs" : [
      "spotify:track:5a1iz510sv2W9Dt1MvFd5R"
    ]
  },
  {
    "platform" : "ANDROID_ARM",
    "searchTime" : "2020-11-28T22:09:41.564Z[UTC]",
    "searchQuery" : "its beg",
    "searchInteractionURIs" : [
    ]
  },
  {
    "platform" : "ANDROID_ARM",
    "searchTime" : "2020-12-02T12:28:18.781Z[UTC]",
    "searchQuery" : "funk",
    "searchInteractionURIs" : [
      "spotify:artist:450o9jw6AtiQlQkHCdH6Ru"
    ]
  },
  {
    "platform" : "ANDROID_ARM",
    "searchTime" : "2020-12-02T14:44:16.557Z[UTC]",
    "searchQuery" : "su",
    "searchInteractionURIs" : [
      "spotify:artist:4MXUO7sVCaFgFjoTI5ox5c"
    ]
  },
  {
    "platform" : "ANDROID_ARM",
    "searchTime" : "2020-12-02T16:12:00.574Z[UTC]",
    "searchQuery" : "the sound ",
    "searchInteractionURIs" : [
      "spotify:track:76jbmmHFSCSvycFCgcmKCP",
      "spotify:track:2YplrdHMBoRdnHgMeHEwHm"
    ]
  },
  {
    "platform" : "ANDROID_ARM",
    "searchTime" : "2020-12-03T13:29:40.767Z[UTC]",
    "searchQuery" : "eine ",
    "searchInteractionURIs" : [
      "spotify:track:2mRUmSG3XGjFloqgAT2UJN"
    ]
  },
  {
    "platform" : "ANDROID_ARM",
    "searchTime" : "2020-12-03T13:30:06.453Z[UTC]",
    "searchQuery" : "eine jleine",
    "searchInteractionURIs" : [
      "spotify:album:2n7rgcglrAYfgyAcn1ZEcf"
    ]
  },
  {
    "platform" : "ANDROID_ARM",
    "searchTime" : "2020-12-03T17:18:13.809Z[UTC]",
    "searchQuery" : "althe jobn m",
    "searchInteractionURIs" : [
    ]
  },
  {
    "platform" : "ANDROID_ARM",
    "searchTime" : "2020-12-03T18:37:12.119Z[UTC]",
    "searchQuery" : "althea john.",
    "searchInteractionURIs" : [
    ]
  },
  {
    "platform" : "ANDROID_ARM",
    "searchTime" : "2020-12-03T23:05:46.262Z[UTC]",
    "searchQuery" : "unfu",
    "searchInteractionURIs" : [
      "spotify:track:0HaDqyNg9LoZZ7Zli1uhzL"
    ]
  },
  {
    "platform" : "ANDROID_ARM",
    "searchTime" : "2020-12-03T23:06:26.814Z[UTC]",
    "searchQuery" : "unfu",
    "searchInteractionURIs" : [
      "spotify:track:0HaDqyNg9LoZZ7Zli1uhzL",
      ""
    ]
  },
  {
    "platform" : "ANDROID_ARM",
    "searchTime" : "2020-12-03T23:08:23.540Z[UTC]",
    "searchQuery" : "flora pick",
    "searchInteractionURIs" : [
      "spotify:user:poppypick"
    ]
  },
  {
    "platform" : "ANDROID_ARM",
    "searchTime" : "2020-12-03T23:22:55.241Z[UTC]",
    "searchQuery" : "when ",
    "searchInteractionURIs" : [
      ""
    ]
  },
  {
    "platform" : "ANDROID_ARM",
    "searchTime" : "2020-12-04T11:52:41.444Z[UTC]",
    "searchQuery" : "rick",
    "searchInteractionURIs" : [
      "spotify:artist:0gxyHStUsqpMadRV0Di1Qt"
    ]
  },
  {
    "platform" : "ANDROID_ARM",
    "searchTime" : "2020-12-04T12:50:25.330Z[UTC]",
    "searchQuery" : "runaway",
    "searchInteractionURIs" : [
    ]
  },
  {
    "platform" : "ANDROID_ARM",
    "searchTime" : "2020-12-04T13:52:47.982Z[UTC]",
    "searchQuery" : "col",
    "searchInteractionURIs" : [
      "spotify:artist:4gzpq5DPGxSnKTe4SA8HAU"
    ]
  },
  {
    "platform" : "ANDROID_ARM",
    "searchTime" : "2020-12-04T20:20:57.093Z[UTC]",
    "searchQuery" : "megal",
    "searchInteractionURIs" : [
      "spotify:track:1J03Vp93ybKIxfzYI4YJtL"
    ]
  },
  {
    "platform" : "ANDROID_ARM",
    "searchTime" : "2020-12-05T15:16:33.059Z[UTC]",
    "searchQuery" : "x4",
    "searchInteractionURIs" : [
      "spotify:search:albums:x4"
    ]
  },
  {
    "platform" : "ANDROID_ARM",
    "searchTime" : "2020-12-05T15:16:37.136Z[UTC]",
    "searchQuery" : "x",
    "searchInteractionURIs" : [
      ""
    ]
  },
  {
    "platform" : "ANDROID_ARM",
    "searchTime" : "2020-12-05T15:16:39.030Z[UTC]",
    "searchQuery" : "c4",
    "searchInteractionURIs" : [
      "spotify:artist:4uFZsG1vXrPcvnZ4iSQyrx"
    ]
  },
  {
    "platform" : "ANDROID_ARM",
    "searchTime" : "2020-12-05T17:12:43.324Z[UTC]",
    "searchQuery" : "althea",
    "searchInteractionURIs" : [
    ]
  },
  {
    "platform" : "ANDROID_ARM",
    "searchTime" : "2020-12-06T09:33:13.367Z[UTC]",
    "searchQuery" : "lil nas",
    "searchInteractionURIs" : [
      "spotify:artist:7jVv8c5Fj3E9VhNjxT4snq"
    ]
  },
  {
    "platform" : "ANDROID_ARM",
    "searchTime" : "2020-12-06T16:16:18.059Z[UTC]",
    "searchQuery" : "still beat",
    "searchInteractionURIs" : [
      "spotify:track:2N4idqj9TT3HnH2OFT9j0v"
    ]
  },
  {
    "platform" : "ANDROID_ARM",
    "searchTime" : "2020-12-06T17:49:07.065Z[UTC]",
    "searchQuery" : "vp",
    "searchInteractionURIs" : [
      ""
    ]
  },
  {
    "platform" : "ANDROID_ARM",
    "searchTime" : "2020-12-06T17:49:10.955Z[UTC]",
    "searchQuery" : "love me like a man",
    "searchInteractionURIs" : [
      "spotify:track:0h06YSqzwbAU9ZDuIvw8pk",
      "spotify:track:7y4LFsWmJGwWYmQLnbqIqE"
    ]
  },
  {
    "platform" : "ANDROID_ARM",
    "searchTime" : "2020-12-07T14:09:55.059Z[UTC]",
    "searchQuery" : "berl",
    "searchInteractionURIs" : [
      "spotify:track:1dgCF73ruK4qTXrx0TZ0j7"
    ]
  },
  {
    "platform" : "ANDROID_ARM",
    "searchTime" : "2020-12-08T07:03:56.775Z[UTC]",
    "searchQuery" : "h3h3",
    "searchInteractionURIs" : [
      "spotify:show:7ydBWzs9BSRh97tsCjOhby"
    ]
  },
  {
    "platform" : "ANDROID_ARM",
    "searchTime" : "2020-12-10T09:00:11.059Z[UTC]",
    "searchQuery" : "king ",
    "searchInteractionURIs" : [
      "spotify:artist:6XYvaoDGE0VmRt83Jss9Sn"
    ]
  },
  {
    "platform" : "ANDROID_ARM",
    "searchTime" : "2020-12-12T12:02:27.972Z[UTC]",
    "searchQuery" : "althea",
    "searchInteractionURIs" : [
      "spotify:track:5No7dABuBlNyCGsj7Eegop"
    ]
  },
  {
    "platform" : "DESKTOP",
    "searchTime" : "2020-12-13T21:44:51.874Z[UTC]",
    "searchQuery" : "wish you were here",
    "searchInteractionURIs" : [
      "spotify:track:7aE5WXu5sFeNRh3Z05wwu4"
    ]
  },
  {
    "platform" : "DESKTOP",
    "searchTime" : "2020-12-13T21:45:25.013Z[UTC]",
    "searchQuery" : "so good at being in tr",
    "searchInteractionURIs" : [
      "spotify:track:5VarZFY00sO54HErJ3TPCI"
    ]
  },
  {
    "platform" : "DESKTOP",
    "searchTime" : "2020-12-13T21:47:12.092Z[UTC]",
    "searchQuery" : "dont panic",
    "searchInteractionURIs" : [
    ]
  },
  {
    "platform" : "DESKTOP",
    "searchTime" : "2020-12-13T21:48:24.913Z[UTC]",
    "searchQuery" : "j cole",
    "searchInteractionURIs" : [
      "spotify:artist:6l3HvQ5sa6mXTsMTB19rO5"
    ]
  },
  {
    "platform" : "ANDROID_ARM",
    "searchTime" : "2020-12-15T23:48:43.823Z[UTC]",
    "searchQuery" : "wish",
    "searchInteractionURIs" : [
    ]
  },
  {
    "platform" : "ANDROID_ARM",
    "searchTime" : "2020-12-15T23:48:47.425Z[UTC]",
    "searchQuery" : "althe",
    "searchInteractionURIs" : [
    ]
  },
  {
    "platform" : "ANDROID_ARM",
    "searchTime" : "2020-12-15T23:48:51.447Z[UTC]",
    "searchQuery" : "ralp",
    "searchInteractionURIs" : [
    ]
  },
  {
    "platform" : "ANDROID_ARM",
    "searchTime" : "2020-12-15T23:48:55.148Z[UTC]",
    "searchQuery" : "sister",
    "searchInteractionURIs" : [
    ]
  },
  {
    "platform" : "ANDROID_ARM",
    "searchTime" : "2020-12-15T23:48:58.589Z[UTC]",
    "searchQuery" : "myth",
    "searchInteractionURIs" : [
    ]
  },
  {
    "platform" : "ANDROID_ARM",
    "searchTime" : "2020-12-15T23:49:17.287Z[UTC]",
    "searchQuery" : "americ",
    "searchInteractionURIs" : [
    ]
  },
  {
    "platform" : "ANDROID_ARM",
    "searchTime" : "2020-12-15T23:49:21.871Z[UTC]",
    "searchQuery" : "may 1s",
    "searchInteractionURIs" : [
    ]
  },
  {
    "platform" : "ANDROID_ARM",
    "searchTime" : "2020-12-15T23:49:35.755Z[UTC]",
    "searchQuery" : "doctor",
    "searchInteractionURIs" : [
    ]
  },
  {
    "platform" : "ANDROID_ARM",
    "searchTime" : "2020-12-16T15:00:17.301Z[UTC]",
    "searchQuery" : "christmas mucis",
    "searchInteractionURIs" : [
      "spotify:playlist:37i9dQZF1DX6R7QUWePReA"
    ]
  },
  {
    "platform" : "DESKTOP",
    "searchTime" : "2020-12-16T17:06:50.446Z[UTC]",
    "searchQuery" : "this year",
    "searchInteractionURIs" : [
      "spotify:track:1TFjgmDNqtfw2R0ruYZkUI"
    ]
  },
  {
    "platform" : "ANDROID_ARM",
    "searchTime" : "2020-12-16T19:01:26.900Z[UTC]",
    "searchQuery" : "mf d",
    "searchInteractionURIs" : [
      "spotify:artist:2pAWfrd7WFF3XhVt9GooDL"
    ]
  },
  {
    "platform" : "ANDROID_ARM",
    "searchTime" : "2020-12-17T10:38:24.233Z[UTC]",
    "searchQuery" : "romeo an",
    "searchInteractionURIs" : [
      "spotify:track:0PNt5WTw092eED0ru9SuIp",
      ""
    ]
  },
  {
    "platform" : "ANDROID_ARM",
    "searchTime" : "2020-12-17T10:38:35.837Z[UTC]",
    "searchQuery" : "trlegraph road",
    "searchInteractionURIs" : [
      "spotify:track:0Bg100ruK1ZD7H96rNo6fR"
    ]
  },
  {
    "platform" : "ANDROID_ARM",
    "searchTime" : "2020-12-17T10:44:39.981Z[UTC]",
    "searchQuery" : "sult",
    "searchInteractionURIs" : [
      "spotify:album:0NIAlF6F2siflhJAiaKjnf"
    ]
  },
  {
    "platform" : "ANDROID_ARM",
    "searchTime" : "2020-12-17T10:44:50.751Z[UTC]",
    "searchQuery" : "sulttans of swing",
    "searchInteractionURIs" : [
      "spotify:track:37Tmv4NnfQeb0ZgUC4fOJj"
    ]
  },
  {
    "platform" : "ANDROID_ARM",
    "searchTime" : "2020-12-17T11:15:05.089Z[UTC]",
    "searchQuery" : "pheo",
    "searchInteractionURIs" : [
      "spotify:artist:1r1uxoy19fzMxunt3ONAkG"
    ]
  },
  {
    "platform" : "ANDROID_ARM",
    "searchTime" : "2020-12-17T15:02:09.098Z[UTC]",
    "searchQuery" : "doct",
    "searchInteractionURIs" : [
      "spotify:track:5aRj6TIRELABhgVasaff5g"
    ]
  },
  {
    "platform" : "ANDROID_ARM",
    "searchTime" : "2020-12-17T21:07:24.398Z[UTC]",
    "searchQuery" : "comes a time",
    "searchInteractionURIs" : [
    ]
  },
  {
    "platform" : "ANDROID_ARM",
    "searchTime" : "2020-12-17T21:07:40.455Z[UTC]",
    "searchQuery" : "r",
    "searchInteractionURIs" : [
      ""
    ]
  },
  {
    "platform" : "ANDROID_ARM",
    "searchTime" : "2020-12-17T21:07:44.413Z[UTC]",
    "searchQuery" : "flora pick",
    "searchInteractionURIs" : [
      "spotify:user:poppypick"
    ]
  },
  {
    "platform" : "ANDROID_ARM",
    "searchTime" : "2020-12-19T21:15:52.108Z[UTC]",
    "searchQuery" : "bre",
    "searchInteractionURIs" : [
      "spotify:track:3LbZIhU0smEU5SUnxod4j4"
    ]
  },
  {
    "platform" : "ANDROID_ARM",
    "searchTime" : "2020-12-22T09:14:30.374Z[UTC]",
    "searchQuery" : "zack ",
    "searchInteractionURIs" : [
      "spotify:artist:1UH80jhsYsFztK0anu2FNS"
    ]
  },
  {
    "platform" : "ANDROID_ARM",
    "searchTime" : "2020-12-22T11:51:49.542Z[UTC]",
    "searchQuery" : "black",
    "searchInteractionURIs" : [
      "spotify:artist:5M52tdBnJaKSvOpJGz8mfZ"
    ]
  },
  {
    "platform" : "ANDROID_ARM",
    "searchTime" : "2020-12-22T16:11:13.762Z[UTC]",
    "searchQuery" : "zack",
    "searchInteractionURIs" : [
      "spotify:artist:1UH80jhsYsFztK0anu2FNS"
    ]
  },
  {
    "platform" : "ANDROID_ARM",
    "searchTime" : "2020-12-25T11:04:43.261Z[UTC]",
    "searchQuery" : "cumberland blues",
    "searchInteractionURIs" : [
      "spotify:track:2op5szd2IY8bOPzumqmFY3",
      "spotify:track:2op5szd2IY8bOPzumqmFY3"
    ]
  },
  {
    "platform" : "WEB",
    "searchTime" : "2020-12-26T20:23:42.787Z[UTC]",
    "searchQuery" : "moon song",
    "searchInteractionURIs" : [
      "spotify:track:6sALLrBPX30ptG1HWH6vmW",
      "spotify:track:6sALLrBPX30ptG1HWH6vmW"
    ]
  },
  {
    "platform" : "WEB",
    "searchTime" : "2020-12-26T20:28:09.705Z[UTC]",
    "searchQuery" : "neutral milk ",
    "searchInteractionURIs" : [
    ]
  },
  {
    "platform" : "ANDROID_ARM",
    "searchTime" : "2020-12-30T20:51:55.020Z[UTC]",
    "searchQuery" : "mt joy st",
    "searchInteractionURIs" : [
      "spotify:track:73WyCOipkJRtIH8klizJd5"
    ]
  },
  {
    "platform" : "ANDROID_ARM",
    "searchTime" : "2020-12-31T02:01:53.776Z[UTC]",
    "searchQuery" : "man of ",
    "searchInteractionURIs" : [
      "spotify:track:1iJdIZU5Ffgixa92wrcZZC",
      "spotify:track:1iJdIZU5Ffgixa92wrcZZC"
    ]
  },
  {
    "platform" : "ANDROID_ARM",
    "searchTime" : "2021-01-01T01:03:25.216Z[UTC]",
    "searchQuery" : "undert",
    "searchInteractionURIs" : [
      "spotify:album:2M2Ae2SvZe3fmzUtlVOV5Z"
    ]
  },
  {
    "platform" : "DESKTOP",
    "searchTime" : "2021-01-02T19:40:55.920Z[UTC]",
    "searchQuery" : "pale waves",
    "searchInteractionURIs" : [
      "spotify:artist:0wOej91SVqB1zcYkW6xUtA"
    ]
  },
  {
    "platform" : "ANDROID_ARM",
    "searchTime" : "2021-01-04T17:06:59.639Z[UTC]",
    "searchQuery" : "man ",
    "searchInteractionURIs" : [
    ]
  },
  {
    "platform" : "ANDROID_ARM",
    "searchTime" : "2021-01-05T21:20:06.359Z[UTC]",
    "searchQuery" : "gh",
    "searchInteractionURIs" : [
      ""
    ]
  },
  {
    "platform" : "ANDROID_ARM",
    "searchTime" : "2021-01-05T21:20:09.848Z[UTC]",
    "searchQuery" : "the gas face",
    "searchInteractionURIs" : [
      "spotify:track:3G0z1kH46uVRqW7f9Qp1OR"
    ]
  },
  {
    "platform" : "ANDROID_ARM",
    "searchTime" : "2021-01-08T10:11:47.430Z[UTC]",
    "searchQuery" : "bigfoot",
    "searchInteractionURIs" : [
      "spotify:track:4EErA2pXdbuV4S472yk2um"
    ]
  },
  {
    "platform" : "ANDROID_ARM",
    "searchTime" : "2021-01-09T19:03:01.900Z[UTC]",
    "searchQuery" : "never go",
    "searchInteractionURIs" : [
    ]
  },
  {
    "platform" : "ANDROID_ARM",
    "searchTime" : "2021-01-10T12:37:52.692Z[UTC]",
    "searchQuery" : "never go",
    "searchInteractionURIs" : [
    ]
  },
  {
    "platform" : "ANDROID_ARM",
    "searchTime" : "2021-01-10T12:48:51.221Z[UTC]",
    "searchQuery" : "hall",
    "searchInteractionURIs" : [
      "spotify:track:3pRaLNL3b8x5uBOcsgvdqM"
    ]
  },
  {
    "platform" : "DESKTOP",
    "searchTime" : "2021-01-10T15:36:15.225Z[UTC]",
    "searchQuery" : "art g",
    "searchInteractionURIs" : [
      "spotify:artist:6kEsKkXuE4olX7m3mNLZkS"
    ]
  },
  {
    "platform" : "DESKTOP",
    "searchTime" : "2021-01-10T15:36:27.788Z[UTC]",
    "searchQuery" : "paul simon",
    "searchInteractionURIs" : [
      "spotify:artist:2CvCyf1gEVhI0mX6aFXmVI"
    ]
  },
  {
    "platform" : "ANDROID_ARM",
    "searchTime" : "2021-01-13T10:39:11.972Z[UTC]",
    "searchQuery" : "bb king",
    "searchInteractionURIs" : [
      "spotify:artist:5xLSa7l4IV1gsQfhAMvl0U"
    ]
  },
  {
    "platform" : "ANDROID_ARM",
    "searchTime" : "2021-01-14T10:22:53.611Z[UTC]",
    "searchQuery" : "friends le",
    "searchInteractionURIs" : [
      "spotify:track:43NI5sAcvDLG7QQAmUc7UU"
    ]
  },
  {
    "platform" : "ANDROID_ARM",
    "searchTime" : "2021-01-15T11:43:05.600Z[UTC]",
    "searchQuery" : "althea",
    "searchInteractionURIs" : [
      "spotify:track:5No7dABuBlNyCGsj7Eegop"
    ]
  },
  {
    "platform" : "ANDROID_ARM",
    "searchTime" : "2021-01-17T23:02:48.890Z[UTC]",
    "searchQuery" : "roy harper me an",
    "searchInteractionURIs" : [
      "spotify:track:5eFVSrqOcsWDLiNmN28Xbg",
      ""
    ]
  },
  {
    "platform" : "ANDROID_ARM",
    "searchTime" : "2021-01-17T23:06:42.030Z[UTC]",
    "searchQuery" : "the devil and god",
    "searchInteractionURIs" : [
      "spotify:album:2r0pP3sWs8xhaai1fnkBtd",
      "spotify:album:2r0pP3sWs8xhaai1fnkBtd",
      "spotify:album:2r0pP3sWs8xhaai1fnkBtd"
    ]
  },
  {
    "platform" : "ANDROID_ARM",
    "searchTime" : "2021-01-18T16:29:02.060Z[UTC]",
    "searchQuery" : "cold",
    "searchInteractionURIs" : [
      "spotify:artist:4gzpq5DPGxSnKTe4SA8HAU"
    ]
  },
  {
    "platform" : "ANDROID_ARM",
    "searchTime" : "2021-01-20T09:34:16.284Z[UTC]",
    "searchQuery" : "shine",
    "searchInteractionURIs" : [
      "spotify:track:32dnKMni3I3gwUbWp4mi45"
    ]
  },
  {
    "platform" : "ANDROID_ARM",
    "searchTime" : "2021-01-20T10:22:21.915Z[UTC]",
    "searchQuery" : "brain dama",
    "searchInteractionURIs" : [
      "spotify:track:7EUEl5wJb8VI777UAUvRnH",
      ""
    ]
  },
  {
    "platform" : "ANDROID_ARM",
    "searchTime" : "2021-01-20T10:22:41.225Z[UTC]",
    "searchQuery" : "money",
    "searchInteractionURIs" : [
      "spotify:track:31DvHUCSioX0JD7B4kZMJ9"
    ]
  },
  {
    "platform" : "ANDROID_ARM",
    "searchTime" : "2021-01-20T18:28:05.536Z[UTC]",
    "searchQuery" : "kingfish",
    "searchInteractionURIs" : [
      "spotify:artist:5jMGnqJkgPaiJzwy5bOcYX"
    ]
  }
]