{
  "tracks": [
    {
      "artist": "The Microphones",
      "album": "The Glow, Pt. 2",
      "track": "I Want Wind to Blow"
    },
    {
      "artist": "America",
      "album": "Hearts",
      "track": "Sister Golden Hair"
    },
    {
      "artist": "Hot Flash Heat Wave",
      "album": "Neapolitan",
      "track": "Homecoming"
    },
    {
      "artist": "Mild Orange",
      "album": "Mild Orange",
      "track": "Hey"
    },
    {
      "artist": "Pretty",
      "album": "Mushroom Man",
      "track": "Mushroom Man"
    },
    {
      "artist": "Biig Piig",
      "album": "Feels Right",
      "track": "Feels Right"
    },
    {
      "artist": "Summer Salt",
      "album": "Driving to Hawaii",
      "track": "Sweet to Me"
    },
    {
      "artist": "Smoothboi Ezra",
      "album": "My Own Person",
      "track": "My Own Person"
    },
    {
      "artist": "Houndmouth",
      "album": "Little Neon Limelight",
      "track": "Darlin'"
    },
    {
      "artist": "Animal Collective",
      "album": "Meeting Of The Waters",
      "track": "Man Of Oil"
    },
    {
      "artist": "Arcade Fire",
      "album": "The Suburbs",
      "track": "The Suburbs"
    },
    {
      "artist": "Big Thief",
      "album": "Masterpiece",
      "track": "Paul"
    },
    {
      "artist": "Will Van Horn",
      "album": "Pedal Steel Guitar",
      "track": "Lost My Mind"
    },
    {
      "artist": "AC/DC",
      "album": "For Those About to Rock (We Salute You)",
      "track": "For Those About to Rock (We Salute You)"
    },
    {
      "artist": "Grateful Dead",
      "album": "Go to Heaven",
      "track": "Althea - 2013 Remaster"
    },
    {
      "artist": "levitation room",
      "album": "Minds Of Our Own",
      "track": "Friends"
    },
    {
      "artist": "Summer Salt",
      "album": "Avenue G",
      "track": "Little Legs"
    },
    {
      "artist": "Kali Uchis",
      "album": "Isolation",
      "track": "Tomorrow"
    },
    {
      "artist": "5EB",
      "album": "5TAR5TRUCK",
      "track": "5TAR5TRUCK"
    },
    {
      "artist": "3rd Bass",
      "album": "Best Of 3rd Bass",
      "track": "The Gas Face"
    },
    {
      "artist": "Feng Suave",
      "album": "Feng Suave",
      "track": "Noche Oscura"
    },
    {
      "artist": "Van Morrison",
      "album": "Moondance",
      "track": "Into the Mystic - 2013 Remaster"
    },
    {
      "artist": "The Velvet Underground",
      "album": "The Velvet Underground",
      "track": "Pale Blue Eyes"
    },
    {
      "artist": "Crumb",
      "album": "Locket",
      "track": "Locket"
    },
    {
      "artist": "Craft Spells",
      "album": "Idle Labor",
      "track": "After the Moment"
    },
    {
      "artist": "Scoundrels",
      "album": "Sexy Weekend EP",
      "track": "Sexy Weekend"
    },
    {
      "artist": "Cavetown",
      "album": "Animal Kingdom",
      "track": "Boys Will Be Bugs"
    },
    {
      "artist": "Feng Suave",
      "album": "Feng Suave",
      "track": "Honey, There's No Time"
    },
    {
      "artist": "Spaceface",
      "album": "Sun Kids",
      "track": "Sun Kids"
    },
    {
      "artist": "Radiohead",
      "album": "In Rainbows",
      "track": "Weird Fishes/ Arpeggi"
    },
    {
      "artist": "Djo",
      "album": "Twenty Twenty",
      "track": "Roddy"
    },
    {
      "artist": "AC/DC",
      "album": "Back In Black",
      "track": "Shoot to Thrill"
    },
    {
      "artist": "Why These Coyotes",
      "album": "Dance Around the Fire",
      "track": "Dance Around the Fire"
    },
    {
      "artist": "Adrianne Lenker",
      "album": "songs",
      "track": "zombie girl"
    },
    {
      "artist": "Mk.gee",
      "album": "Pronounced Mcgee",
      "track": "I Know How You Get"
    },
    {
      "artist": "Mild Orange",
      "album": "Mild Orange",
      "track": "Share This Dance"
    },
    {
      "artist": "Funkadelic",
      "album": "Maggot Brain",
      "track": "Maggot Brain"
    },
    {
      "artist": "Dire Straits",
      "album": "Love Over Gold",
      "track": "Telegraph Road"
    },
    {
      "artist": "Feng Suave",
      "album": "Warping Youth",
      "track": "Toking, Dozing"
    },
    {
      "artist": "AC/DC",
      "album": "POWER UP",
      "track": "Demon Fire"
    },
    {
      "artist": "Kiko",
      "album": "unravel",
      "track": "unravel"
    },
    {
      "artist": "Coldplay",
      "album": "A Rush of Blood to the Head",
      "track": "God Put a Smile upon Your Face"
    },
    {
      "artist": "Bon Iver",
      "album": "For Emma, Forever Ago",
      "track": "Flume"
    },
    {
      "artist": "Sunset Rollercoaster",
      "album": "BOSSA NOVA",
      "track": "My Monday Throne"
    },
    {
      "artist": "Awesome Possum",
      "album": "Ruby Red Alarm Clock Radio",
      "track": "Ruby Red Alarm Clock Radio"
    },
    {
      "artist": "Oscar Lang",
      "album": "Antidote to Being Bored",
      "track": "That Wasn't What I Said"
    },
    {
      "artist": "The Arcs",
      "album": "Yours, Dreamily,",
      "track": "Pistol Made of Bones"
    },
    {
      "artist": "AC/DC",
      "album": "High Voltage",
      "track": "T.N.T."
    },
    {
      "artist": "Dan Deacon",
      "album": "Gliss Riffer",
      "track": "When I Was Done Dying"
    },
    {
      "artist": "Spacey Jane",
      "album": "Feeding the Family",
      "track": "Feeding the Family"
    },
    {
      "artist": "Clairo",
      "album": "Immunity",
      "track": "Impossible"
    },
    {
      "artist": "Steve Lacy",
      "album": "Some",
      "track": "Some"
    },
    {
      "artist": "Father John Misty",
      "album": "Fear Fun",
      "track": "Nancy from Now On"
    },
    {
      "artist": "Radiohead",
      "album": "OK Computer",
      "track": "Karma Police"
    },
    {
      "artist": "Madvillain",
      "album": "Madvillainy",
      "track": "Supervillain Theme"
    },
    {
      "artist": "Led Zeppelin",
      "album": "Led Zeppelin IV",
      "track": "Stairway to Heaven - Remaster"
    },
    {
      "artist": "The Growlers",
      "album": "Chinese Fountain",
      "track": "Going Gets Tough"
    },
    {
      "artist": "Digable Planets",
      "album": "Reachin' (A New Refutation Of Time And Space)",
      "track": "Where I'm From"
    },
    {
      "artist": "Brahny",
      "album": "Auburn",
      "track": "Auburn"
    },
    {
      "artist": "Mako Road",
      "album": "Local Safari",
      "track": "Lady"
    },
    {
      "artist": "Fleet Foxes",
      "album": "Fleet Foxes",
      "track": "Blue Ridge Mountains"
    },
    {
      "artist": "The Orielles",
      "album": "Silver Dollar Moment",
      "track": "Sunflower Seeds"
    },
    {
      "artist": "Mickey Newbury",
      "album": "An American Trilogy",
      "track": "T. Total Tommy"
    },
    {
      "artist": "Brahny",
      "album": "Bloom",
      "track": "Bloom"
    },
    {
      "artist": "Mapache",
      "album": "Mapache",
      "track": "In the Morning Light"
    },
    {
      "artist": "Souls Of Mischief",
      "album": "Hiero Oldies: Volume One",
      "track": "Step To My Girl"
    },
    {
      "artist": "Twin Peaks",
      "album": "Sweet '17 Singles",
      "track": "Blue Coupe"
    },
    {
      "artist": "Wilco",
      "album": "Summer Teeth",
      "track": "Summer Teeth - Slow Rhodes Version"
    },
    {
      "artist": "Dire Straits",
      "album": "Dire Straits",
      "track": "Sultans Of Swing"
    },
    {
      "artist": "Swans",
      "album": "Love of Life",
      "track": "Her"
    },
    {
      "artist": "Bruce Springsteen",
      "album": "Born To Run",
      "track": "Tenth Avenue Freeze-Out"
    },
    {
      "artist": "Claud",
      "album": "Gold",
      "track": "Gold"
    },
    {
      "artist": "The Arcs",
      "album": "Lake Superior",
      "track": "Lake Superior"
    },
    {
      "artist": "Dreamgirl",
      "album": "Illuminaughty - EP",
      "track": "Teenage Blue"
    },
    {
      "artist": "Plums",
      "album": "Near Sleeper (Outtake)",
      "track": "Near Sleeper (Outtake)"
    },
    {
      "artist": "Feng Suave",
      "album": "Warping Youth",
      "track": "Half-Moon Bag"
    },
    {
      "artist": "Cage The Elephant",
      "album": "Melophobia",
      "track": "Telescope"
    },
    {
      "artist": "Hippo Campus",
      "album": "Landmark",
      "track": "Way It Goes"
    },
    {
      "artist": "Ultimate Painting",
      "album": "Ultimate Painting",
      "track": "Ultimate Painting"
    },
    {
      "artist": "Phish",
      "album": "Farmhouse",
      "track": "Farmhouse"
    },
    {
      "artist": "Death Cab for Cutie",
      "album": "Plans",
      "track": "I Will Follow You into the Dark"
    },
    {
      "artist": "Pink Floyd",
      "album": "Animals",
      "track": "Dogs - 2011 Remastered Version"
    },
    {
      "artist": "AC/DC",
      "album": "POWER UP",
      "track": "Realize"
    },
    {
      "artist": "The Arcs",
      "album": "Yours, Dreamily,",
      "track": "Searching the Blue"
    },
    {
      "artist": "Maybird",
      "album": "Unraveling",
      "track": "Keep in Line"
    },
    {
      "artist": "Black Lips",
      "album": "Satan's Graffiti or God's Art?",
      "track": "Crystal Night"
    },
    {
      "artist": "Horace Silver",
      "album": "Song For My Father",
      "track": "Song For My Father"
    },
    {
      "artist": "Feng Suave",
      "album": "Warping Youth",
      "track": "Day One"
    },
    {
      "artist": "Blur",
      "album": "The Magic Whip",
      "track": "Ghost Ship"
    },
    {
      "artist": "DMA'S",
      "album": "Hills End",
      "track": "Step Up the Morphine"
    },
    {
      "artist": "Hot Flash Heat Wave",
      "album": "Glo Ride",
      "track": "Glo Ride"
    },
    {
      "artist": "Green Buzzard",
      "album": "Slow It Down Now",
      "track": "Slow It Down Now"
    },
    {
      "artist": "King Gizzard & The Lizard Wizard",
      "album": "Paper Mâché Dream Balloon",
      "track": "Sense"
    },
    {
      "artist": "Sufjan Stevens",
      "album": "Illinois",
      "track": "Casimir Pulaski Day"
    },
    {
      "artist": "Wand",
      "album": "Golem",
      "track": "Melted Rope"
    },
    {
      "artist": "Buddy Ross",
      "album": "Running Around",
      "track": "Running Around"
    },
    {
      "artist": "Mild Orange",
      "album": "Mild Orange",
      "track": "Fool's Love"
    },
    {
      "artist": "Wolf Parade",
      "album": "At Mount Zoomer",
      "track": "Fine Young Cannibals"
    },
    {
      "artist": "Creedence Clearwater Revival",
      "album": "Pendulum",
      "track": "Have You Ever Seen The Rain"
    },
    {
      "artist": "Sweet Trip",
      "album": "You Will Never Know Why",
      "track": "No Words to Be Found"
    },
    {
      "artist": "Ween",
      "album": "Quebec",
      "track": "Tried And True"
    },
    {
      "artist": "Mt. Joy",
      "album": "Strangers",
      "track": "Strangers"
    },
    {
      "artist": "The Smiths",
      "album": "Louder Than Bombs",
      "track": "Asleep - 2011 Remaster"
    },
    {
      "artist": "Coldplay",
      "album": "Viva La Vida or Death and All His Friends",
      "track": "Strawberry Swing"
    },
    {
      "artist": "Steely Dan",
      "album": "Can't Buy A Thrill",
      "track": "Do It Again"
    },
    {
      "artist": "American Football",
      "album": "American Football",
      "track": "Never Meant"
    },
    {
      "artist": "Claud",
      "album": "If I Were You",
      "track": "If I Were You"
    },
    {
      "artist": "Billy Joel",
      "album": "Piano Man (Legacy Edition)",
      "track": "Piano Man"
    },
    {
      "artist": "Cage The Elephant",
      "album": "Melophobia",
      "track": "Cigarette Daydreams"
    },
    {
      "artist": "mitsume",
      "album": "A Long Day",
      "track": "あこがれ"
    },
    {
      "artist": "David Bowie",
      "album": "\"Heroes\"",
      "track": "Heroes - 2017 Remaster"
    },
    {
      "artist": "Kainalu",
      "album": "Always Silver",
      "track": "Always Silver"
    },
    {
      "artist": "The Shins",
      "album": "Oh, Inverted World",
      "track": "New Slang"
    },
    {
      "artist": "Simon & Garfunkel",
      "album": "Bookends",
      "track": "Mrs. Robinson - From \"The Graduate\" Soundtrack"
    },
    {
      "artist": "Reptaliens",
      "album": "FM-2030",
      "track": "If You Want"
    },
    {
      "artist": "Sam Cohen",
      "album": "The Future’s Still Ringing In My Ears",
      "track": "Man on Fire"
    },
    {
      "artist": "Fenne Lily",
      "album": "Solipsism",
      "track": "Solipsism"
    },
    {
      "artist": "Lynyrd Skynyrd",
      "album": "(Pronounced 'Leh-'Nérd 'Skin-'Nérd)",
      "track": "Free Bird"
    },
    {
      "artist": "Cavetown",
      "album": "Sharpener",
      "track": "Sharpener"
    },
    {
      "artist": "Grateful Dead",
      "album": "Cornell 5/8/77",
      "track": "Deal - Live at Barton Hall, Cornell University, Ithaca, NY 5/8/77"
    },
    {
      "artist": "The Vryll Society",
      "album": "Deep Blue Skies",
      "track": "Deep Blue Skies"
    },
    {
      "artist": "Pet Shimmers",
      "album": "Face Down in Meta",
      "track": "Post-Dick Circle Fuck"
    },
    {
      "artist": "Billy Lemos",
      "album": "Wonder",
      "track": "Wonder (feat. Still Woozy and MTMBO)"
    },
    {
      "artist": "Hot Tuna",
      "album": "First Pull Up, Then Pull Down",
      "track": "Been So Long"
    },
    {
      "artist": "LAKE",
      "album": "Let's Build a Roof",
      "track": "Madagascar"
    },
    {
      "artist": "Shintaro Sakamoto",
      "album": "できれば愛を",
      "track": "いる"
    },
    {
      "artist": "M.A.G.S.",
      "album": "M.A.G.S.",
      "track": "Mexico"
    },
    {
      "artist": "Pond",
      "album": "Man It Feels Like Space Again",
      "track": "Man It Feels Like Space Again"
    },
    {
      "artist": "Coldplay",
      "album": "A Rush of Blood to the Head",
      "track": "Green Eyes"
    },
    {
      "artist": "Woods",
      "album": "City Sun Eater in the River of Light",
      "track": "Creature Comfort"
    },
    {
      "artist": "The Red Pears",
      "album": "We Bring Anything to the Table... Except Tables We Can't Bring Tables to the Table",
      "track": "Daylight/Moonlight"
    },
    {
      "artist": "The Flying Burrito Brothers",
      "album": "The Flying Burrito Brothers",
      "track": "Just Can't Be"
    },
    {
      "artist": "Nice Guys",
      "album": "Nice Guys Love You",
      "track": "Shook"
    },
    {
      "artist": "Rainbow Kitten Surprise",
      "album": "RKS",
      "track": "Cocaine Jesus"
    },
    {
      "artist": "Crumb",
      "album": "Crumb",
      "track": "Bones"
    },
    {
      "artist": "Briston Maroney",
      "album": "Freakin' Out On The Interstate",
      "track": "Freakin' Out On the Interstate"
    },
    {
      "artist": "Beach Fuzz",
      "album": "Casual Encounters",
      "track": "Casual Encounters"
    },
    {
      "artist": "Mild Orange",
      "album": "Mild Orange",
      "track": "Grin"
    },
    {
      "artist": "MF DOOM",
      "album": "Coco Mango (FloFilz Remix)",
      "track": "Coco Mango (FloFilz Remix) - Instrumental"
    },
    {
      "artist": "The Growlers",
      "album": "Natural Affair",
      "track": "Natural Affair"
    },
    {
      "artist": "Palace",
      "album": "So Long Forever",
      "track": "Live Well"
    },
    {
      "artist": "L.A. Salami",
      "album": "The Prelude",
      "track": "Aristotle Ponders the Sound"
    },
    {
      "artist": "Arctic Monkeys",
      "album": "Who The F*** Are Arctic Monkeys?",
      "track": "Despair In The Departure Lounge"
    },
    {
      "artist": "Wilco",
      "album": "Yankee Hotel Foxtrot",
      "track": "Jesus, Etc."
    },
    {
      "artist": "M.A.G.S.",
      "album": "M.A.G.S.",
      "track": "Drugs"
    },
    {
      "artist": "Ariel Pink",
      "album": "Dedicated to Bobby Jameson",
      "track": "Another Weekend"
    },
    {
      "artist": "Harry Styles",
      "album": "Fine Line",
      "track": "She"
    },
    {
      "artist": "Father John Misty",
      "album": "To S. / To R.",
      "track": "To R."
    },
    {
      "artist": "Haruomi Hosono",
      "album": "HOSONO HOUSE",
      "track": "ろっかばいまいべいびい"
    },
    {
      "artist": "Feng Suave",
      "album": "Feng Suave",
      "track": "Sink into the Floor"
    },
    {
      "artist": "Jelani Aryeh",
      "album": "Stella Brown",
      "track": "Stella Brown"
    },
    {
      "artist": "Paul Cherry",
      "album": "Flavour",
      "track": "Your Letter"
    },
    {
      "artist": "Feng Suave",
      "album": "Warping Youth",
      "track": "Maybe Another Time"
    },
    {
      "artist": "Mako Road",
      "album": "Brodie Street / Daiquiri",
      "track": "Daiquiri"
    },
    {
      "artist": "Dire Straits",
      "album": "Making Movies",
      "track": "Romeo And Juliet"
    },
    {
      "artist": "Horse Jumper of Love",
      "album": "Horse Jumper of Love",
      "track": "Spaceman"
    },
    {
      "artist": "347aidan",
      "album": "Dancing in My Room",
      "track": "Dancing in My Room"
    },
    {
      "artist": "Sylvan Esso",
      "album": "Frequency",
      "track": "Rooftop Dancing"
    },
    {
      "artist": "Nick Drake",
      "album": "Five Leaves Left",
      "track": "Saturday Sun"
    },
    {
      "artist": "Wampire",
      "album": "Bazaar",
      "track": "Wizard Staff"
    },
    {
      "artist": "Drug Cabin",
      "album": "Wiggle Room",
      "track": "Stoner"
    },
    {
      "artist": "Pink Floyd",
      "album": "Wish You Were Here [Remastered]",
      "track": "Shine On You Crazy Diamond, Pts. 1-5 - 2011 Remastered Version"
    },
    {
      "artist": "Sweet Trip",
      "album": "You Will Never Know Why",
      "track": "Pretending"
    },
    {
      "artist": "Clairo",
      "album": "Immunity",
      "track": "Sofia"
    },
    {
      "artist": "Bon Iver",
      "album": "Blood Bank",
      "track": "Blood Bank"
    },
    {
      "artist": "Duckwrth",
      "album": "SuperGood",
      "track": "Super Bounce"
    },
    {
      "artist": "The Cairos",
      "album": "Dream Of Reason",
      "track": "Insane"
    },
    {
      "artist": "Oscar Lang",
      "album": "Antidote to Being Bored",
      "track": "Something Has Changed"
    },
    {
      "artist": "Mac DeMarco",
      "album": "This Old Dog",
      "track": "Still Beating"
    },
    {
      "artist": "The Growlers",
      "album": "City Club",
      "track": "When You Were Made"
    },
    {
      "artist": "Sweet Trip",
      "album": "Velocity: Design: Comfort.",
      "track": "Dsco"
    },
    {
      "artist": "Mild Orange",
      "album": "Foreplay",
      "track": "Intro"
    },
    {
      "artist": "Steve Lacy",
      "album": "Dark Red",
      "track": "Dark Red"
    },
    {
      "artist": "KAYTRANADA",
      "album": "99.9%",
      "track": "WEIGHT OFF"
    },
    {
      "artist": "The Cairos",
      "album": "Dream Of Reason",
      "track": "Obsession"
    },
    {
      "artist": "Bakar",
      "album": "1st Time",
      "track": "1st Time"
    },
    {
      "artist": "Greer",
      "album": "Song for Me",
      "track": "Song for Me"
    },
    {
      "artist": "Declan McKenna",
      "album": "What Do You Think About the Car?",
      "track": "Brazil"
    },
    {
      "artist": "Dionne Warwick",
      "album": "Make Way For Dionne Warwick",
      "track": "Walk on By"
    },
    {
      "artist": "Thundercat",
      "album": "Drunk",
      "track": "Walk On By"
    },
    {
      "artist": "White Denim",
      "album": "Stiff",
      "track": "Take It Easy (Ever After Lasting Love)"
    },
    {
      "artist": "Phoebe Bridgers",
      "album": "Punisher",
      "track": "Moon Song"
    },
    {
      "artist": "King Crimson",
      "album": "In The Court Of The Crimson King (Expanded & Remastered Original Album Mix)",
      "track": "21st Century Schizoid Man"
    },
    {
      "artist": "Green Buzzard",
      "album": "(I Don't Wanna) Break Your Heart",
      "track": "(I Don't Wanna) Break Your Heart"
    },
    {
      "artist": "The Strokes",
      "album": "Comedown Machine",
      "track": "Call It Fate, Call It Karma"
    },
    {
      "artist": "Sweet Trip",
      "album": "You Will Never Know Why",
      "track": "Your World is Eternally Complete"
    },
    {
      "artist": "Coldplay",
      "album": "Parachutes",
      "track": "We Never Change"
    },
    {
      "artist": "MGMT",
      "album": "Congratulations",
      "track": "Congratulations"
    },
    {
      "artist": "Beach House",
      "album": "Devotion",
      "track": "Some Things Last a Long Time"
    },
    {
      "artist": "Bon Iver",
      "album": "Blood Bank",
      "track": "Beach Baby"
    },
    {
      "artist": "Mount Eerie",
      "album": "A Crow Looked at Me",
      "track": "Real Death"
    },
    {
      "artist": "Post Animal",
      "album": "When I Think Of You In A Castle",
      "track": "One Thing"
    },
    {
      "artist": "Kevin Morby",
      "album": "Campfire",
      "track": "Campfire"
    },
    {
      "artist": "Foxygen",
      "album": "We Are the 21st Century Ambassadors of Peace & Magic",
      "track": "San Francisco"
    },
    {
      "artist": "Fishmans",
      "album": "空中キャンプ",
      "track": "BABY BLUE"
    },
    {
      "artist": "Nick Drake",
      "album": "Pink Moon",
      "track": "Pink Moon"
    },
    {
      "artist": "SWMRS",
      "album": "Drive North",
      "track": "Lose It"
    },
    {
      "artist": "Pink Floyd",
      "album": "Wish You Were Here [Remastered]",
      "track": "Wish You Were Here - 2011 Remastered Version"
    },
    {
      "artist": "Balue",
      "album": "Quiet Dreamer",
      "track": "Man in the Sixties"
    },
    {
      "artist": "Naughty Alice",
      "album": "Reborn a Queen",
      "track": "Reborn a Queen"
    },
    {
      "artist": "Don McLean",
      "album": "The Best Of Don McLean",
      "track": "American Pie"
    },
    {
      "artist": "The Brian Jonestown Massacre",
      "album": "Their Satanic Majesties' Second Request",
      "track": "Anemone"
    },
    {
      "artist": "Only Real",
      "album": "Jerk At The End Of The Line",
      "track": "Jerk"
    },
    {
      "artist": "First Beige",
      "album": "Sole Reality (feat. These Guy)",
      "track": "Sole Reality (feat. These Guy)"
    },
    {
      "artist": "AC/DC",
      "album": "Let There Be Rock",
      "track": "Whole Lotta Rosie"
    },
    {
      "artist": "GUM",
      "album": "Delorean Highway",
      "track": "Growin' Up"
    },
    {
      "artist": "Niko B",
      "album": "Quick Drive",
      "track": "Quick Drive"
    },
    {
      "artist": "Bon Iver",
      "album": "For Emma, Forever Ago",
      "track": "Skinny Love"
    },
    {
      "artist": "Bakar",
      "album": "Hell N Back",
      "track": "Hell N Back"
    },
    {
      "artist": "Hot Flash Heat Wave",
      "album": "Neapolitan",
      "track": "Tastes Good"
    }
  ],
  "albums": [
    {
      "artist": "Wavy i.d",
      "album": "Bummerpop, Vol. 2"
    },
    {
      "artist": "Steely Dan",
      "album": "Can't Buy A Thrill"
    },
    {
      "artist": "Steve Lacy",
      "album": "Apollo XXI"
    },
    {
      "artist": "Radiohead",
      "album": "Pablo Honey"
    },
    {
      "artist": "Dire Straits",
      "album": "Dire Straits"
    },
    {
      "artist": "Whitney",
      "album": "Light Upon the Lake"
    },
    {
      "artist": "Pink Floyd",
      "album": "Wish You Were Here [Remastered]"
    },
    {
      "artist": "C418",
      "album": "Minecraft - Volume Beta"
    },
    {
      "artist": "Metric",
      "album": "Old World Underground, Where Are You Now?"
    },
    {
      "artist": "Bright Eyes",
      "album": "I'm Wide Awake, It's Morning"
    },
    {
      "artist": "Shonen Knife",
      "album": "Candy Rock"
    },
    {
      "artist": "Simon & Garfunkel",
      "album": "Bridge Over Troubled Water"
    },
    {
      "artist": "Fenne Lily",
      "album": "Berlin"
    },
    {
      "artist": "Mild Orange",
      "album": "Foreplay"
    },
    {
      "artist": "Snail Mail",
      "album": "Habit"
    },
    {
      "artist": "Brand New",
      "album": "The Devil And God Are Raging Inside Me"
    },
    {
      "artist": "Khruangbin",
      "album": "Con Todo El Mundo"
    },
    {
      "artist": "Pond",
      "album": "Man It Feels Like Space Again"
    },
    {
      "artist": "Elliott Smith",
      "album": "Figure 8"
    },
    {
      "artist": "King Gizzard & The Lizard Wizard",
      "album": "Sketches of Brunswick East"
    },
    {
      "artist": "Pond",
      "album": "The Weather"
    },
    {
      "artist": "C418",
      "album": "Minecraft - Volume Alpha"
    },
    {
      "artist": "Radiohead",
      "album": "OK Computer"
    },
    {
      "artist": "Post Animal",
      "album": "Forward Motion Godyssey"
    },
    {
      "artist": "Jadu Heart",
      "album": "Burning Hour"
    },
    {
      "artist": "Whitney",
      "album": "Hammond Song"
    },
    {
      "artist": "Wilco",
      "album": "Yankee Hotel Foxtrot"
    },
    {
      "artist": "Aesop Rock",
      "album": "Spirit World Field Guide"
    },
    {
      "artist": "Phoebe Bridgers",
      "album": "If We Make It Through December"
    },
    {
      "artist": "J. Cole",
      "album": "4 Your Eyez Only"
    },
    {
      "artist": "Noname",
      "album": "Telefone"
    },
    {
      "artist": "Fishmans",
      "album": "空中キャンプ"
    },
    {
      "artist": "Khruangbin",
      "album": "Mordechai"
    },
    {
      "artist": "JPEGMAFIA",
      "album": "Veteran"
    },
    {
      "artist": "Pink Floyd",
      "album": "The Dark Side Of The Moon [Remastered]"
    },
    {
      "artist": "Steely Dan",
      "album": "Aja"
    },
    {
      "artist": "Dire Straits",
      "album": "Brothers In Arms"
    },
    {
      "artist": "Grateful Dead",
      "album": "Cornell 5/8/77"
    },
    {
      "artist": "Summer Salt",
      "album": "Driving to Hawaii"
    },
    {
      "artist": "Kendrick Lamar",
      "album": "good kid, m.A.A.d city"
    },
    {
      "artist": "Phoebe Bridgers",
      "album": "Copycat Killer"
    },
    {
      "artist": "Clairo",
      "album": "Immunity"
    },
    {
      "artist": "The Walters",
      "album": "Songs for Dads"
    },
    {
      "artist": "Whitney",
      "album": "Forever Turned Around"
    },
    {
      "artist": "Sunset Rollercoaster",
      "album": "Bossa Nova"
    },
    {
      "artist": "Tame Impala",
      "album": "The Slow Rush"
    },
    {
      "artist": "Cage The Elephant",
      "album": "Melophobia"
    },
    {
      "artist": "Peach Pit",
      "album": "Being So Normal"
    },
    {
      "artist": "J. Cole",
      "album": "2014 Forest Hills Drive"
    },
    {
      "artist": "Whitney",
      "album": "FTA b/w Far, Far Away"
    },
    {
      "artist": "Snail Mail",
      "album": "Lush"
    },
    {
      "artist": "Oscar Peterson Trio",
      "album": "Great Connection (Remastered Anniversary Edition)"
    },
    {
      "artist": "Milkboat",
      "album": "Little Moon Chaser"
    },
    {
      "artist": "Pink Floyd",
      "album": "The Wall (Remastered)"
    },
    {
      "artist": "King Gizzard & The Lizard Wizard",
      "album": "Straws In The Wind"
    },
    {
      "artist": "Hot Flash Heat Wave",
      "album": "Neapolitan"
    },
    {
      "artist": "Gillian Welch",
      "album": "All The Good Times"
    },
    {
      "artist": "Madvillain",
      "album": "Madvillainy"
    },
    {
      "artist": "Mild Orange",
      "album": "Mild Orange"
    },
    {
      "artist": "Sweet Trip",
      "album": "You Will Never Know Why"
    }
  ],
  "shows": [
    {
      "name": "Today in Focus",
      "publisher": "The Guardian"
    }
  ],
  "episodes": [
  ],
  "bannedTracks": [
  ],
  "other": [
  ]
}